{"assets/fonts/HelveticaNeue-Bold.ttf":["assets/fonts/HelveticaNeue-Bold.ttf"],"assets/fonts/HelveticaNeue-Light.ttf":["assets/fonts/HelveticaNeue-Light.ttf"],"assets/fonts/HelveticaNeue-Medium.ttf":["assets/fonts/HelveticaNeue-Medium.ttf"],"assets/fonts/HelveticaNeue-Regular.ttf":["assets/fonts/HelveticaNeue-Regular.ttf"],"assets/images/BancoCaribeTextLogo.png":["assets/images/BancoCaribeTextLogo.png"],"assets/images/Contact_us_Logo.png":["assets/images/Contact_us_Logo.png"],"assets/images/Contact_us_bank_logo.png":["assets/images/Contact_us_bank_logo.png"],"assets/images/Rectangle 4.png":["assets/images/Rectangle 4.png"],"assets/images/account_balance_wallet.png":["assets/images/account_balance_wallet.png"],"assets/images/account_circle.png":["assets/images/account_circle.png"],"assets/images/arrowDown.png":["assets/images/arrowDown.png"],"assets/images/arrowUp.png":["assets/images/arrowUp.png"],"assets/images/arrow_back_ios_new.png":["assets/images/arrow_back_ios_new.png"],"assets/images/article.png":["assets/images/article.png"],"assets/images/assignment.png":["assets/images/assignment.png"],"assets/images/badge.png":["assets/images/badge.png"],"assets/images/badge_.png":["assets/images/badge_.png"],"assets/images/bancoCaribeLogo.png":["assets/images/bancoCaribeLogo.png"],"assets/images/bancoWhiteLogo.png":["assets/images/bancoWhiteLogo.png"],"assets/images/bigLogo.png":["assets/images/bigLogo.png"],"assets/images/bullet.png":["assets/images/bullet.png"],"assets/images/calendar.png":["assets/images/calendar.png"],"assets/images/camera.png":["assets/images/camera.png"],"assets/images/caribeDigital.png":["assets/images/caribeDigital.png"],"assets/images/checkIcon.png":["assets/images/checkIcon.png"],"assets/images/close.png":["assets/images/close.png"],"assets/images/contract_edit.png":["assets/images/contract_edit.png"],"assets/images/dollorIcon.png":["assets/images/dollorIcon.png"],"assets/images/emailliconotp.png":["assets/images/emailliconotp.png"],"assets/images/face_verification_tick.png":["assets/images/face_verification_tick.png"],"assets/images/facebook.png":["assets/images/facebook.png"],"assets/images/header.png":["assets/images/header.png"],"assets/images/horizontaldash.png":["assets/images/horizontaldash.png"],"assets/images/info.png":["assets/images/info.png"],"assets/images/initialLogo.png":["assets/images/initialLogo.png"],"assets/images/initialLogo1.png":["assets/images/initialLogo1.png"],"assets/images/initialLogoDesktop.png":["assets/images/initialLogoDesktop.png"],"assets/images/initialLogoDesktop1.png":["assets/images/initialLogoDesktop1.png"],"assets/images/instagram.png":["assets/images/instagram.png"],"assets/images/mobileImage.png":["assets/images/mobileImage.png"],"assets/images/p6.png":["assets/images/p6.png"],"assets/images/photo_legible.png":["assets/images/photo_legible.png"],"assets/images/photo_legible_tick.png":["assets/images/photo_legible_tick.png"],"assets/images/resources.png":["assets/images/resources.png"],"assets/images/screenshot.png":["assets/images/screenshot.png"],"assets/images/smallLogo.png":["assets/images/smallLogo.png"],"assets/images/splashBancoCaribe.png":["assets/images/splashBancoCaribe.png"],"assets/images/stepper1.png":["assets/images/stepper1.png"],"assets/images/stepper2.png":["assets/images/stepper2.png"],"assets/images/stepper3.png":["assets/images/stepper3.png"],"assets/images/stepper4.png":["assets/images/stepper4.png"],"assets/images/stepper5.png":["assets/images/stepper5.png"],"assets/images/stepperlogo.png":["assets/images/stepperlogo.png"],"assets/images/titleLogo.png":["assets/images/titleLogo.png"],"assets/images/upload.png":["assets/images/upload.png"],"assets/images/upload_cedula.png":["assets/images/upload_cedula.png"],"assets/images/upload_cedula_back.png":["assets/images/upload_cedula_back.png"],"assets/images/verticledash.png":["assets/images/verticledash.png"],"assets/images/webimage.png":["assets/images/webimage.png"],"assets/images/welcomeImage.png":["assets/images/welcomeImage.png"],"assets/images/x.png":["assets/images/x.png"],"assets/images/youtube.png":["assets/images/youtube.png"],"assets/pdf/CONTRATO_DE _APERTURA_DE_CUENTA_DIGITAL_CARIBE.pdf":["assets/pdf/CONTRATO_DE _APERTURA_DE_CUENTA_DIGITAL_CARIBE.pdf"],"assets/pdf/CONTRATO_DE _APERTURA_DE_CUENTA_DIGITAL_CARIBE_SHOW.pdf":["assets/pdf/CONTRATO_DE _APERTURA_DE_CUENTA_DIGITAL_CARIBE_SHOW.pdf"],"assets/pdf/CONVENIO_UNICO_FINAL_2018_9_10.pdf":["assets/pdf/CONVENIO_UNICO_FINAL_2018_9_10.pdf"],"assets/pdf/Carta_de_Debris.pdf":["assets/pdf/Carta_de_Debris.pdf"],"assets/pdf/Convincio_Inicio.pdf":["assets/pdf/Convincio_Inicio.pdf"],"assets/pdf/TERMINOS_Y_CONDICIONES _ONBOARDING.pdf":["assets/pdf/TERMINOS_Y_CONDICIONES _ONBOARDING.pdf"],"assets/pdf/Tarifario.pdf":["assets/pdf/Tarifario.pdf"],"assets/pdf/TarifarioRd.pdf":["assets/pdf/TarifarioRd.pdf"],"assets/pdf/one_shot_contract.pdf":["assets/pdf/one_shot_contract.pdf"],"packages/cupertino_icons/assets/CupertinoIcons.ttf":["packages/cupertino_icons/assets/CupertinoIcons.ttf"],"packages/fluttertoast/assets/toastify.css":["packages/fluttertoast/assets/toastify.css"],"packages/fluttertoast/assets/toastify.js":["packages/fluttertoast/assets/toastify.js"]}