[{"family":"MaterialIcons","fonts":[{"asset":"fonts/MaterialIcons-Regular.otf"}]},{"family":"helveticabold","fonts":[{"asset":"assets/fonts/HelveticaNeue-Bold.ttf"}]},{"family":"helveticaregular","fonts":[{"asset":"assets/fonts/HelveticaNeue-Regular.ttf"}]},{"family":"helveticamedium","fonts":[{"asset":"assets/fonts/HelveticaNeue-Medium.ttf"}]},{"family":"helveticalight","fonts":[{"asset":"assets/fonts/HelveticaNeue-Light.ttf"}]},{"family":"packages/cupertino_icons/CupertinoIcons","fonts":[{"asset":"packages/cupertino_icons/assets/CupertinoIcons.ttf"}]}]